[{"username":"awez","password":"1","ratedMovies":[{"Title":"3 Idiots","Image":"https://m.media-amazon.com/images/M/MV5BNTkyOGVjMGEtNmQzZi00NzFlLTlhOWQtODYyMDc2ZGJmYzFhXkEyXkFqcGdeQXVyNjU0OTQ0OTY@._V1_QL75_UY107_CR1,0,72,107_.jpg","Year_Released":"2009","Duration":"2h 50min","Age_Rating":"12A","Genres":["Comedy","Drama"],"Rating":"8.4","Plots":"Two friends are searching for their long lost companion. They revisit their college days and recall the memories of their friend who inspired them to think differently, even as the rest of the world called them \"idiots\".","Directors":"['Rajkumar Hirani']","Casts":"['Aamir Khan', 'Madhavan', 'Mona Singh']","Trailer_Links":"https://www.imdb.com/video/vi3086596889/?ref_=chttp_tp_vp","Streaming_Platforms":"[['Prime Video'], ['https://www.primevideo.com/detail/amzn1.dv.gti.6ab5ef5d-dd32-c5ab-3a8f-0aff6123c065']]","Other_Ratings":"[['8.4/10', '100%', '4.7/5'], ['IMDb', 'Rotten Tomatoes', 'Studocu'], ['https://www.imdb.com/title/tt1187043/', 'https://www.rottentomatoes.com/m/3_idiots', 'https://www.studocu.com/row/document/al-majd-international-school/english/3-idiots-film-review-for-students/37448906']]"},{"Title":"Oppenheimer","Image":"https://m.media-amazon.com/images/M/MV5BMDBmYTZjNjUtN2M1MS00MTQ2LTk2ODgtNzc2M2QyZGE5NTVjXkEyXkFqcGdeQXVyNzAwMjU2MTY@._V1_QL75_UX72_CR0,0,72,107_.jpg","Year_Released":"2023","Duration":"3h","Age_Rating":"15","Genres":["Biography","Drama","History"],"Rating":"8.3","Plots":"The story of American scientist J. Robert Oppenheimer and his role in the development of the atomic bomb.","Directors":"['Christopher Nolan']","Casts":"['Cillian Murphy', 'Emily Blunt', 'Matt Damon']","Trailer_Links":"https://www.imdb.com/video/vi2053751833/?ref_=chttp_tp_vp","Streaming_Platforms":"[['JioCinema', 'ZEE5', 'Prime Video'], ['https://www.jiocinema.com/movies/-/3914094', 'https://www.zee5.com/global', 'https://www.primevideo.com/detail/amzn1.dv.gti.0653d989-0412-4e01-b466-f657bf48121e']]","Other_Ratings":"[['8.3/10', '93%', '90%'], ['IMDb', 'Rotten Tomatoes', 'Metacritic'], ['https://www.imdb.com/title/tt15398776/', 'https://www.rottentomatoes.com/m/oppenheimer_2023', 'https://www.metacritic.com/movie/oppenheimer/critic-reviews/']]"},{"Title":"Schindler's List","Image":"https://m.media-amazon.com/images/M/MV5BMTg3MDc4ODgyOF5BMl5BanBnXkFtZTgwNzY1ODIyNjM@._V1_QL75_UX72_CR0,4,72,107_.jpg","Year_Released":"1993","Duration":"3h 15min","Age_Rating":"15","Genres":["Biography","Drama","History"],"Rating":"9.0","Plots":"In German-occupied Poland during World War II, industrialist Oskar Schindler gradually becomes concerned for his Jewish workforce after witnessing their persecution by the Nazis.","Directors":"['Steven Spielberg']","Casts":"['Liam Neeson', 'Ralph Fiennes', 'Ben Kingsley']","Trailer_Links":"https://www.imdb.com/video/vi1158527769/?ref_=chttp_tp_vp","Streaming_Platforms":"[['JioCinema', 'Netflix', 'Prime Video', 'ZEE5', 'Prime Video'], ['https://www.jiocinema.com/movies/-/3759059', 'https://www.netflix.com/watch/60036359?source=imdb', 'https://www.primevideo.com/detail/amzn1.dv.gti.9cabed31-31e5-e49a-41e9-0ea0423d2cbf', 'https://www.zee5.com/global', 'https://www.primevideo.com/detail/amzn1.dv.gti.9cabed31-31e5-e49a-41e9-0ea0423d2cbf']]","Other_Ratings":"[['98%', '9/10', '95%'], ['Rotten Tomatoes', 'IMDb', 'Metacritic'], ['https://www.rottentomatoes.com/m/schindlers_list', 'https://www.imdb.com/title/tt0108052/', 'https://www.metacritic.com/movie/schindlers-list/critic-reviews/']]"},{"Title":"The Godfather","Image":"https://m.media-amazon.com/images/M/MV5BM2MyNjYxNmUtYTAwNi00MTYxLWJmNWYtYzZlODY3ZTk3OTFlXkEyXkFqcGdeQXVyNzkwMjQ5NzM@._V1_QL75_UY107_CR1,0,72,107_.jpg","Year_Released":"1972","Duration":"2h 55min","Age_Rating":"15","Genres":["Crime","Drama"],"Rating":"9.2","Plots":"The aging patriarch of an organized crime dynasty transfers control of his clandestine empire to his reluctant son.","Directors":"['Francis Ford Coppola']","Casts":"['Marlon Brando', 'Al Pacino', 'James Caan']","Trailer_Links":"https://www.imdb.com/video/vi1629995801/?ref_=chttp_tp_vp","Streaming_Platforms":"[['Prime Video', 'Prime Video'], ['https://www.primevideo.com/detail/amzn1.dv.gti.953ee84f-7eb0-402b-812a-14986835deb6', 'https://www.primevideo.com/detail/amzn1.dv.gti.953ee84f-7eb0-402b-812a-14986835deb6']]","Other_Ratings":"[['9.2/10', '97%', '5/5'], ['IMDb', 'Rotten Tomatoes', 'Empire'], ['https://www.imdb.com/title/tt0068646/', 'https://www.rottentomatoes.com/m/the_godfather', 'https://www.empireonline.com/movies/reviews/godfather-review/']]"},{"Title":"12th Fail","Image":"https://m.media-amazon.com/images/M/MV5BOTJlY2U2ZmYtMzU3Ny00ZDI3LWEwMDYtOWIxNzdhZDI5ZWRkXkEyXkFqcGdeQXVyMTY3ODkyNDkz._V1_QL75_UY107_CR5,0,72,107_.jpg","Year_Released":"2023","Duration":"2h 27min","Age_Rating":"12A","Genres":["Biography","Drama"],"Rating":"9.0","Plots":"The real-life story of IPS Officer Manoj Kumar Sharma and IRS Officer Shraddha Joshi.","Directors":"['Vidhu Vinod Chopra']","Casts":"['Vikrant Massey', 'Medha Shankr', 'Anant Joshi']","Trailer_Links":"https://www.imdb.com/video/vi1088210713/?ref_=chttp_tp_vp","Streaming_Platforms":"[['Hotstar'], ['https://www.hotstar.com/']]","Other_Ratings":"[['9/10', '4/5', '91%'], ['IMDb', 'Times of India', 'Rotten Tomatoes'], ['https://www.imdb.com/title/tt23849204/', 'https://m.timesofindia.com/entertainment/hindi/movie-reviews/12th-fail/movie-review/104698543.cms', 'https://www.rottentomatoes.com/m/12th_fail']]"},{"Title":"The Shawshank Redemption","Image":"https://m.media-amazon.com/images/M/MV5BNDE3ODcxYzMtY2YzZC00NmNlLWJiNDMtZDViZWM2MzIxZDYwXkEyXkFqcGdeQXVyNjAwNDUxODI@._V1_QL75_UX72_CR0,1,72,107_.jpg","Year_Released":"1994","Duration":"2h 22min","Age_Rating":"15","Genres":["Drama"],"Rating":"9.3","Plots":"Over the course of several years, two convicts form a friendship, seeking consolation and, eventually, redemption through basic compassion.","Directors":"['Frank Darabont']","Casts":"['Tim Robbins', 'Morgan Freeman', 'Bob Gunton']","Trailer_Links":"https://www.imdb.com/video/vi3877612057/?ref_=chttp_tp_vp","Streaming_Platforms":"[['Netflix', 'Prime Video'], ['https://www.netflix.com/watch/70005379?source=imdb', 'https://www.primevideo.com/detail/amzn1.dv.gti.20b4c3cf-b703-aebb-41bd-0dc683f8c0c8']]","Other_Ratings":"[['9.3/10', '82%', '89%'], ['IMDb', 'Metacritic', 'Rotten Tomatoes'], ['https://www.imdb.com/title/tt0111161/', 'https://www.metacritic.com/movie/the-shawshank-redemption/critic-reviews/', 'https://www.rottentomatoes.com/m/shawshank_redemption']]"},{"Title":"Prisoners","Image":"https://m.media-amazon.com/images/M/MV5BMTg0NTIzMjQ1NV5BMl5BanBnXkFtZTcwNDc3MzM5OQ@@._V1_QL75_UY107_CR0,0,72,107_.jpg","Year_Released":"2013","Duration":"2h 33min","Age_Rating":"15","Genres":["Crime","Drama","Mystery"],"Rating":"8.2","Plots":"When Keller Dover's daughter and her friend go missing, he takes matters into his own hands as the police pursue multiple leads and the pressure mounts.","Directors":"['Denis Villeneuve']","Casts":"['Hugh Jackman', 'Jake Gyllenhaal', 'Viola Davis']","Trailer_Links":"https://www.imdb.com/video/vi3294275865/?ref_=chttp_tp_vp","Streaming_Platforms":"[['Prime Video'], ['https://www.primevideo.com/detail/amzn1.dv.gti.ceb226c9-c931-e8c7-8040-96cf1432250f']]","Other_Ratings":"[['81%', '8.2/10', '4/5'], ['Rotten Tomatoes', 'IMDb', 'Common Sense Media'], ['https://www.rottentomatoes.com/m/prisoners_2013', 'https://www.imdb.com/title/tt1392214/', 'https://www.commonsensemedia.org/movie-reviews/prisoners']]"},{"Title":"Spirited Away","Image":"https://m.media-amazon.com/images/M/MV5BMjlmZmI5MDctNDE2YS00YWE0LWE5ZWItZDBhYWQ0NTcxNWRhXkEyXkFqcGdeQXVyMTMxODk2OTU@._V1_QL75_UX72_CR0,0,72,107_.jpg","Year_Released":"2001","Duration":"2h 5min","Age_Rating":"PG","Genres":["Animation","Adventure","Family"],"Rating":"8.6","Plots":"During her family's move to the suburbs, a sullen 10-year-old girl wanders into a world ruled by gods, witches and spirits, and where humans are changed into beasts.","Directors":"['Hayao Miyazaki']","Casts":"['Daveigh Chase', 'Suzanne Pleshette', 'Miyu Irino']","Trailer_Links":"https://www.imdb.com/video/vi3619684633/?ref_=chttp_tp_vp","Streaming_Platforms":"[['Netflix'], ['https://www.netflix.com/watch/60023642?source=imdb']]","Other_Ratings":"[['8.6/10', '96%', '96%'], ['IMDb', 'Rotten Tomatoes', 'Metacritic'], ['https://www.imdb.com/title/tt0245429/', 'https://www.rottentomatoes.com/m/spirited_away', 'https://www.metacritic.com/movie/spirited-away/critic-reviews/']]"},{"Title":"Hamilton","Image":"https://m.media-amazon.com/images/M/MV5BNjViNWRjYWEtZTI0NC00N2E3LTk0NGQtMjY4NTM3OGNkZjY0XkEyXkFqcGdeQXVyMjUxMTY3ODM@._V1_QL75_UX72_CR0,0,72,107_.jpg","Year_Released":"2020","Duration":"2h 40min","Age_Rating":"12","Genres":["Biography","Drama","History"],"Rating":"8.3","Plots":"The real life of one of America's foremost founding fathers and first Secretary of the Treasury, Alexander Hamilton. Captured live on Broadway from the Richard Rodgers Theater with the original Broadway cast.","Directors":"['Thomas Kail']","Casts":"['Lin-Manuel Miranda', 'Phillipa Soo', 'Leslie Odom Jr.']","Trailer_Links":"https://www.imdb.com/video/vi3591880217/?ref_=chttp_tp_vp","Streaming_Platforms":"[[], []]","Other_Ratings":"[['8.3/10', '98%', '88%'], ['IMDb', 'Rotten Tomatoes', 'Metacritic'], ['https://www.imdb.com/title/tt8503618/', 'https://www.rottentomatoes.com/m/hamilton_2020', 'https://www.metacritic.com/movie/hamilton-2020/critic-reviews/']]"},{"Title":"Hotel Rwanda","Image":"https://m.media-amazon.com/images/M/MV5BZGJjYmIzZmQtNWE4Yy00ZGVmLWJkZGEtMzUzNmQ4ZWFlMjRhXkEyXkFqcGdeQXVyMTMxODk2OTU@._V1_QL75_UY107_CR0,0,72,107_.jpg","Year_Released":"2004","Duration":"2h 1min","Age_Rating":"12A","Genres":["Biography","Drama","History"],"Rating":"8.1","Plots":"Paul Rusesabagina, a hotel manager, houses over a thousand Tutsi refugees during their struggle against the Hutu militia in Rwanda, Africa.","Directors":"['Terry George']","Casts":"['Don Cheadle', 'Sophie Okonedo', 'Joaquin Phoenix']","Trailer_Links":"","Streaming_Platforms":"[[], []]","Other_Ratings":"[['8.1/10', '91%', '79%'], ['IMDb', 'Rotten Tomatoes', 'Metacritic'], ['https://www.imdb.com/title/tt0395169/', 'https://www.rottentomatoes.com/m/hotel_rwanda', 'https://www.metacritic.com/movie/hotel-rwanda/critic-reviews/']]"}],"ratings":["9","8","7","0","4","10","2","3","7","3"]},{"username":"why","password":"23","ratedMovies":[],"ratings":[]},{"username":"new","password":"2","ratedMovies":[{"Title":"3 Idiots","Image":"https://m.media-amazon.com/images/M/MV5BNTkyOGVjMGEtNmQzZi00NzFlLTlhOWQtODYyMDc2ZGJmYzFhXkEyXkFqcGdeQXVyNjU0OTQ0OTY@._V1_QL75_UY107_CR1,0,72,107_.jpg","Year_Released":"2009","Duration":"2h 50min","Age_Rating":"12A","Genres":["Comedy","Drama"],"Rating":"8.4","Plots":"Two friends are searching for their long lost companion. They revisit their college days and recall the memories of their friend who inspired them to think differently, even as the rest of the world called them \"idiots\".","Directors":"['Rajkumar Hirani']","Casts":"['Aamir Khan', 'Madhavan', 'Mona Singh']","Trailer_Links":"https://www.imdb.com/video/vi3086596889/?ref_=chttp_tp_vp","Streaming_Platforms":"[['Prime Video'], ['https://www.primevideo.com/detail/amzn1.dv.gti.6ab5ef5d-dd32-c5ab-3a8f-0aff6123c065']]","Other_Ratings":"[['8.4/10', '100%', '4.7/5'], ['IMDb', 'Rotten Tomatoes', 'Studocu'], ['https://www.imdb.com/title/tt1187043/', 'https://www.rottentomatoes.com/m/3_idiots', 'https://www.studocu.com/row/document/al-majd-international-school/english/3-idiots-film-review-for-students/37448906']]"},{"Title":"Oppenheimer","Image":"https://m.media-amazon.com/images/M/MV5BMDBmYTZjNjUtN2M1MS00MTQ2LTk2ODgtNzc2M2QyZGE5NTVjXkEyXkFqcGdeQXVyNzAwMjU2MTY@._V1_QL75_UX72_CR0,0,72,107_.jpg","Year_Released":"2023","Duration":"3h","Age_Rating":"15","Genres":["Biography","Drama","History"],"Rating":"8.3","Plots":"The story of American scientist J. Robert Oppenheimer and his role in the development of the atomic bomb.","Directors":"['Christopher Nolan']","Casts":"['Cillian Murphy', 'Emily Blunt', 'Matt Damon']","Trailer_Links":"https://www.imdb.com/video/vi2053751833/?ref_=chttp_tp_vp","Streaming_Platforms":"[['JioCinema', 'ZEE5', 'Prime Video'], ['https://www.jiocinema.com/movies/-/3914094', 'https://www.zee5.com/global', 'https://www.primevideo.com/detail/amzn1.dv.gti.0653d989-0412-4e01-b466-f657bf48121e']]","Other_Ratings":"[['8.3/10', '93%', '90%'], ['IMDb', 'Rotten Tomatoes', 'Metacritic'], ['https://www.imdb.com/title/tt15398776/', 'https://www.rottentomatoes.com/m/oppenheimer_2023', 'https://www.metacritic.com/movie/oppenheimer/critic-reviews/']]"},{"Title":"Schindler's List","Image":"https://m.media-amazon.com/images/M/MV5BMTg3MDc4ODgyOF5BMl5BanBnXkFtZTgwNzY1ODIyNjM@._V1_QL75_UX72_CR0,4,72,107_.jpg","Year_Released":"1993","Duration":"3h 15min","Age_Rating":"15","Genres":["Biography","Drama","History"],"Rating":"9.0","Plots":"In German-occupied Poland during World War II, industrialist Oskar Schindler gradually becomes concerned for his Jewish workforce after witnessing their persecution by the Nazis.","Directors":"['Steven Spielberg']","Casts":"['Liam Neeson', 'Ralph Fiennes', 'Ben Kingsley']","Trailer_Links":"https://www.imdb.com/video/vi1158527769/?ref_=chttp_tp_vp","Streaming_Platforms":"[['JioCinema', 'Netflix', 'Prime Video', 'ZEE5', 'Prime Video'], ['https://www.jiocinema.com/movies/-/3759059', 'https://www.netflix.com/watch/60036359?source=imdb', 'https://www.primevideo.com/detail/amzn1.dv.gti.9cabed31-31e5-e49a-41e9-0ea0423d2cbf', 'https://www.zee5.com/global', 'https://www.primevideo.com/detail/amzn1.dv.gti.9cabed31-31e5-e49a-41e9-0ea0423d2cbf']]","Other_Ratings":"[['98%', '9/10', '95%'], ['Rotten Tomatoes', 'IMDb', 'Metacritic'], ['https://www.rottentomatoes.com/m/schindlers_list', 'https://www.imdb.com/title/tt0108052/', 'https://www.metacritic.com/movie/schindlers-list/critic-reviews/']]"}],"ratings":["3","8","7"]},{"username":"new_user","password":"1","ratedMovies":[],"ratings":[]},{"username":"newer_user","password":"123","ratedMovies":[{"Title":"3 Idiots","Image":"https://m.media-amazon.com/images/M/MV5BNTkyOGVjMGEtNmQzZi00NzFlLTlhOWQtODYyMDc2ZGJmYzFhXkEyXkFqcGdeQXVyNjU0OTQ0OTY@._V1_QL75_UY107_CR1,0,72,107_.jpg","Year_Released":"2009","Duration":"2h 50min","Age_Rating":"12A","Genres":["Comedy","Drama"],"Rating":"8.4","Plots":"Two friends are searching for their long lost companion. They revisit their college days and recall the memories of their friend who inspired them to think differently, even as the rest of the world called them \"idiots\".","Directors":"['Rajkumar Hirani']","Casts":"['Aamir Khan', 'Madhavan', 'Mona Singh']","Trailer_Links":"https://www.imdb.com/video/vi3086596889/?ref_=chttp_tp_vp","Streaming_Platforms":"[['Prime Video'], ['https://www.primevideo.com/detail/amzn1.dv.gti.6ab5ef5d-dd32-c5ab-3a8f-0aff6123c065']]","Other_Ratings":"[['8.4/10', '100%', '4.7/5'], ['IMDb', 'Rotten Tomatoes', 'Studocu'], ['https://www.imdb.com/title/tt1187043/', 'https://www.rottentomatoes.com/m/3_idiots', 'https://www.studocu.com/row/document/al-majd-international-school/english/3-idiots-film-review-for-students/37448906']]"}],"ratings":["4"]},{"username":"hi","password":"2","ratedMovies":[],"ratings":[]},{"username":"nimra","password":"87","ratedMovies":[],"ratings":[]},{"username":"saksham_jain","password":"123","ratedMovies":[{"Title":"3 Idiots","Image":"https://m.media-amazon.com/images/M/MV5BNTkyOGVjMGEtNmQzZi00NzFlLTlhOWQtODYyMDc2ZGJmYzFhXkEyXkFqcGdeQXVyNjU0OTQ0OTY@._V1_QL75_UY107_CR1,0,72,107_.jpg","Year_Released":"2009","Duration":"2h 50min","Age_Rating":"12A","Genres":["Comedy","Drama"],"Rating":"8.4","Plots":"Two friends are searching for their long lost companion. They revisit their college days and recall the memories of their friend who inspired them to think differently, even as the rest of the world called them \"idiots\".","Directors":"['Rajkumar Hirani']","Casts":"['Aamir Khan', 'Madhavan', 'Mona Singh']","Trailer_Links":"https://www.imdb.com/video/vi3086596889/?ref_=chttp_tp_vp","Streaming_Platforms":"[['Prime Video'], ['https://www.primevideo.com/detail/amzn1.dv.gti.6ab5ef5d-dd32-c5ab-3a8f-0aff6123c065']]","Other_Ratings":"[['8.4/10', '100%', '4.7/5'], ['IMDb', 'Rotten Tomatoes', 'Studocu'], ['https://www.imdb.com/title/tt1187043/', 'https://www.rottentomatoes.com/m/3_idiots', 'https://www.studocu.com/row/document/al-majd-international-school/english/3-idiots-film-review-for-students/37448906']]"},{"Title":"12th Fail","Image":"https://m.media-amazon.com/images/M/MV5BOTJlY2U2ZmYtMzU3Ny00ZDI3LWEwMDYtOWIxNzdhZDI5ZWRkXkEyXkFqcGdeQXVyMTY3ODkyNDkz._V1_QL75_UY107_CR5,0,72,107_.jpg","Year_Released":"2023","Duration":"2h 27min","Age_Rating":"12A","Genres":["Biography","Drama"],"Rating":"9.0","Plots":"The real-life story of IPS Officer Manoj Kumar Sharma and IRS Officer Shraddha Joshi.","Directors":"['Vidhu Vinod Chopra']","Casts":"['Vikrant Massey', 'Medha Shankr', 'Anant Joshi']","Trailer_Links":"https://www.imdb.com/video/vi1088210713/?ref_=chttp_tp_vp","Streaming_Platforms":"[['Hotstar'], ['https://www.hotstar.com/']]","Other_Ratings":"[['9/10', '4/5', '91%'], ['IMDb', 'Times of India', 'Rotten Tomatoes'], ['https://www.imdb.com/title/tt23849204/', 'https://m.timesofindia.com/entertainment/hindi/movie-reviews/12th-fail/movie-review/104698543.cms', 'https://www.rottentomatoes.com/m/12th_fail']]"},{"Title":"Oppenheimer","Image":"https://m.media-amazon.com/images/M/MV5BMDBmYTZjNjUtN2M1MS00MTQ2LTk2ODgtNzc2M2QyZGE5NTVjXkEyXkFqcGdeQXVyNzAwMjU2MTY@._V1_QL75_UX72_CR0,0,72,107_.jpg","Year_Released":"2023","Duration":"3h","Age_Rating":"15","Genres":["Biography","Drama","History"],"Rating":"8.3","Plots":"The story of American scientist J. Robert Oppenheimer and his role in the development of the atomic bomb.","Directors":"['Christopher Nolan']","Casts":"['Cillian Murphy', 'Emily Blunt', 'Matt Damon']","Trailer_Links":"https://www.imdb.com/video/vi2053751833/?ref_=chttp_tp_vp","Streaming_Platforms":"[['JioCinema', 'ZEE5', 'Prime Video'], ['https://www.jiocinema.com/movies/-/3914094', 'https://www.zee5.com/global', 'https://www.primevideo.com/detail/amzn1.dv.gti.0653d989-0412-4e01-b466-f657bf48121e']]","Other_Ratings":"[['8.3/10', '93%', '90%'], ['IMDb', 'Rotten Tomatoes', 'Metacritic'], ['https://www.imdb.com/title/tt15398776/', 'https://www.rottentomatoes.com/m/oppenheimer_2023', 'https://www.metacritic.com/movie/oppenheimer/critic-reviews/']]"}],"ratings":["8","10","2"]},{"username":"kyu","password":"3","ratedMovies":[],"ratings":[]},{"username":"real_user","password":"123","ratedMovies":[{"Title":"12th Fail","Image":"https://m.media-amazon.com/images/M/MV5BOTJlY2U2ZmYtMzU3Ny00ZDI3LWEwMDYtOWIxNzdhZDI5ZWRkXkEyXkFqcGdeQXVyMTY3ODkyNDkz._V1_QL75_UY107_CR5,0,72,107_.jpg","Year_Released":"2023","Duration":"2h 27min","Age_Rating":"12A","Genres":["Biography","Drama"],"Rating":"9.0","Plots":"The real-life story of IPS Officer Manoj Kumar Sharma and IRS Officer Shraddha Joshi.","Directors":"['Vidhu Vinod Chopra']","Casts":"['Vikrant Massey', 'Medha Shankr', 'Anant Joshi']","Trailer_Links":"https://www.imdb.com/video/vi1088210713/?ref_=chttp_tp_vp","Streaming_Platforms":"[['Hotstar'], ['https://www.hotstar.com/']]","Other_Ratings":"[['9/10', '4/5', '91%'], ['IMDb', 'Times of India', 'Rotten Tomatoes'], ['https://www.imdb.com/title/tt23849204/', 'https://m.timesofindia.com/entertainment/hindi/movie-reviews/12th-fail/movie-review/104698543.cms', 'https://www.rottentomatoes.com/m/12th_fail']]"},{"Title":"The Godfather","Image":"https://m.media-amazon.com/images/M/MV5BM2MyNjYxNmUtYTAwNi00MTYxLWJmNWYtYzZlODY3ZTk3OTFlXkEyXkFqcGdeQXVyNzkwMjQ5NzM@._V1_QL75_UY107_CR1,0,72,107_.jpg","Year_Released":"1972","Duration":"2h 55min","Age_Rating":"15","Genres":["Crime","Drama"],"Rating":"9.2","Plots":"The aging patriarch of an organized crime dynasty transfers control of his clandestine empire to his reluctant son.","Directors":"['Francis Ford Coppola']","Casts":"['Marlon Brando', 'Al Pacino', 'James Caan']","Trailer_Links":"https://www.imdb.com/video/vi1629995801/?ref_=chttp_tp_vp","Streaming_Platforms":"[['Prime Video', 'Prime Video'], ['https://www.primevideo.com/detail/amzn1.dv.gti.953ee84f-7eb0-402b-812a-14986835deb6', 'https://www.primevideo.com/detail/amzn1.dv.gti.953ee84f-7eb0-402b-812a-14986835deb6']]","Other_Ratings":"[['9.2/10', '97%', '5/5'], ['IMDb', 'Rotten Tomatoes', 'Empire'], ['https://www.imdb.com/title/tt0068646/', 'https://www.rottentomatoes.com/m/the_godfather', 'https://www.empireonline.com/movies/reviews/godfather-review/']]"}],"ratings":["3","10"]},{"username":"jj","password":"JJ","ratedMovies":[{"Title":"Dangal","Image":"https://m.media-amazon.com/images/M/MV5BMTQ4MzQzMzM2Nl5BMl5BanBnXkFtZTgwMTQ1NzU3MDI@._V1_QL75_UY107_CR2,0,72,107_.jpg","Year_Released":"2016","Duration":"2h 41min","Age_Rating":"PG","Genres":["Action","Biography","Drama"],"Rating":"8.3","Plots":"Former wrestler Mahavir Singh Phogat and his two wrestler daughters struggle towards glory at the Commonwealth Games in the face of societal oppression.","Directors":"['Nitesh Tiwari']","Casts":"['Aamir Khan', 'Sakshi Tanwar', 'Fatima Sana Shaikh']","Trailer_Links":"https://www.imdb.com/video/vi2094904857/?ref_=chttp_tp_vp","Streaming_Platforms":"[['Prime Video'], ['https://www.primevideo.com/detail/amzn1.dv.gti.38ce4ab9-8c06-440f-9298-1ce328069f23']]","Other_Ratings":"[['4.5/5', '8.3/10', '4/5'], ['Times of India', 'IMDb', 'IndiaGlitz.com'], ['https://m.timesofindia.com/entertainment/hindi/movie-reviews/dangal/movie-review/56102623.cms', 'https://www.imdb.com/title/tt5074352/', 'http://www.indiaglitz.com/dangal-review-hindi-movie-review-19668']]"}],"ratings":["9"]},{"username":"afsha","password":"2","ratedMovies":[],"ratings":[]},{"username":"afsha_new","password":"1","ratedMovies":[],"ratings":[]},{"username":"what do i mean","password":"1","ratedMovies":[],"ratings":[]},{"username":"akkapakka_","password":"1","ratedMovies":[{"Title":"3 Idiots","Image":"https://m.media-amazon.com/images/M/MV5BNTkyOGVjMGEtNmQzZi00NzFlLTlhOWQtODYyMDc2ZGJmYzFhXkEyXkFqcGdeQXVyNjU0OTQ0OTY@._V1_QL75_UY107_CR1,0,72,107_.jpg","Year_Released":"2009","Duration":"2h 50min","Age_Rating":"12A","Genres":["Comedy","Drama"],"Rating":"8.4","Plots":"Two friends are searching for their long lost companion. They revisit their college days and recall the memories of their friend who inspired them to think differently, even as the rest of the world called them \"idiots\".","Directors":"['Rajkumar Hirani']","Casts":"['Aamir Khan', 'Madhavan', 'Mona Singh']","Trailer_Links":"https://www.imdb.com/video/vi3086596889/?ref_=chttp_tp_vp","Streaming_Platforms":"[['Prime Video'], ['https://www.primevideo.com/detail/amzn1.dv.gti.6ab5ef5d-dd32-c5ab-3a8f-0aff6123c065']]","Other_Ratings":"[['8.4/10', '100%', '4.7/5'], ['IMDb', 'Rotten Tomatoes', 'Studocu'], ['https://www.imdb.com/title/tt1187043/', 'https://www.rottentomatoes.com/m/3_idiots', 'https://www.studocu.com/row/document/al-majd-international-school/english/3-idiots-film-review-for-students/37448906']]"}],"ratings":["10"]}]